"2014-03-13","hahahaha"
"2014-03-16","Gloyjai"
"2014-03-20","Hello!!!!!!!!"
"2014-03-21","Godzilla"
"4b691c2a52e124c44e6c2d3506b5d30f","127.0.0.1","Mozilla/5.0 (Windows NT 6.1; WOW64) AppleWebKit/537.36 (KHTML, like Gecko) Chrome/34.0.1847.137 Safari/537.36","1400817995","a:2:{s:9:""user_data"";s:0:"""";s:10:""patient_id"";s:4:""test"";}"
"00b96bb86fed46c88efd2449ad462389","127.0.0.1","Mozilla/5.0 (Windows NT 6.1; WOW64) AppleWebKit/537.36 (KHTML, like Gecko) Chrome/35.0.1916.114 Safari/537.36","1400825893","a:1:{s:7:""user_id"";s:5:""admin"";}"
"c131d4e287baa025c680f695d523da77","127.0.0.1","Mozilla/5.0 (Windows NT 6.1; WOW64) AppleWebKit/537.36 (KHTML, like Gecko) Chrome/35.0.1916.114 Safari/537.36","1400907318","a:2:{s:9:""user_data"";s:0:"""";s:7:""user_id"";s:5:""admin"";}"
"test","test","1234","xxxx","xxxx","xxxx","xxxx@xxx.com","0000000000"
"admin","admin","1234","xxxx","xxxx","xxxx","xxxx@xxx.com","0000000000"
"denti","dentist","1234","xxxx","xxxx","xxxx","xxxx@xxx.com","0000000000"
"test","1234","xxxx","xxxx","21","2","xxxx","xxxx","0000000000","xxxx@xxx.com"
"1","P1234567","Baitarn","Baitarn","Tooth fairy","2014-04-09","00:00:13","Miss Bell"
